keyword,count,percentage,positive,negative,neutral,positive_rate,negative_rate,avg_score
cream,27,13.3,16,11,0,59.3,40.7,2.67
serum,17,8.37,6,11,0,35.3,64.7,1.41
sunscreen,17,8.37,5,12,0,29.4,70.6,2.24
toner,15,7.39,7,8,0,46.7,53.3,1.8
sensitive,13,6.4,9,4,0,69.2,30.8,1.46
mask,11,5.42,5,6,0,45.5,54.5,2.18
hydrating,10,4.93,4,6,0,40.0,60.0,1.6
soothing,6,2.96,4,2,0,66.7,33.3,1.33
centella,5,2.46,4,1,0,80.0,20.0,2.4
dry skin,5,2.46,3,2,0,60.0,40.0,4.4
cleanser,4,1.97,1,3,0,25.0,75.0,1.5
niacinamide,3,1.48,2,1,0,66.7,33.3,4.0
retinol,3,1.48,1,2,0,33.3,66.7,4.0
brightening,2,0.99,2,0,0,100.0,0.0,1.5
snail,2,0.99,1,1,0,50.0,50.0,1.0
anti-aging,2,0.99,2,0,0,100.0,0.0,5.5
combination,1,0.49,1,0,0,100.0,0.0,1.0
vitamin c,1,0.49,1,0,0,100.0,0.0,2.0
oily skin,1,0.49,1,0,0,100.0,0.0,2.0
hyaluronic,0,0.0,0,0,0,0.0,0.0,0.0
