date,title,score,num_comments,url
2025-11-03,Please help me :(,2,2,https://reddit.com/r/kbeauty/comments/1omp5fu/please_help_me/
2025-11-02,Why is korean products so expensive? :(,0,24,https://reddit.com/r/kbeauty/comments/1omdtez/why_is_korean_products_so_expensive/
2025-11-02,Desperate to find a foundation/covering cream,1,2,https://reddit.com/r/kbeauty/comments/1omc68l/desperate_to_find_a_foundationcovering_cream/
2025-11-02,Best Korean day moisturisers of 2025?,7,6,https://reddit.com/r/kbeauty/comments/1olxqvi/best_korean_day_moisturisers_of_2025/
2025-10-31,skincare haul & question,43,13,https://reddit.com/r/kbeauty/comments/1okdhwc/skincare_haul_question/
2025-10-29,Kbeauty body care suggestions,12,19,https://reddit.com/r/kbeauty/comments/1oiol24/kbeauty_body_care_suggestions/
2025-10-28,Experiences with Spicules,3,2,https://reddit.com/r/kbeauty/comments/1ohn6ub/experiences_with_spicules/
2025-10-27,What’s the one thing you’d definitely want to buy in Korea?,25,32,https://reddit.com/r/kbeauty/comments/1ohb11b/whats_the_one_thing_youd_definitely_want_to_buy/
2025-10-26,K-beauty R&D,2,0,https://reddit.com/r/kbeauty/comments/1ogkp1g/kbeauty_rd/
2025-10-24,Has anyone tried these face masks?,1,0,https://reddit.com/r/kbeauty/comments/1oeh56z/has_anyone_tried_these_face_masks/
2025-10-23,Is it worth it to buy skincare directly from KR than trusted online shops?,5,5,https://reddit.com/r/kbeauty/comments/1odu8aw/is_it_worth_it_to_buy_skincare_directly_from_kr/
2025-10-23,"For winter skincare, how do you do your routine?",7,1,https://reddit.com/r/kbeauty/comments/1odc189/for_winter_skincare_how_do_you_do_your_routine/
2025-10-21,went on a huge makeup and skincare haul!!,79,19,https://reddit.com/r/kbeauty/comments/1oc16we/went_on_a_huge_makeup_and_skincare_haul/
2025-10-20,My Minimum Skincare Routine That Finally Helped My Acne-Prone Skin,12,5,https://reddit.com/r/kbeauty/comments/1ob7jza/my_minimum_skincare_routine_that_finally_helped/
2025-10-20,Advice on what to purchase,2,2,https://reddit.com/r/kbeauty/comments/1ob0sj8/advice_on_what_to_purchase/
2025-10-18,"32F, dry skin, product recommendations",3,8,https://reddit.com/r/kbeauty/comments/1o9ksrt/32f_dry_skin_product_recommendations/
2025-10-17,Skincare in Myeongdong - Dear Klairs,1,2,https://reddit.com/r/kbeauty/comments/1o908b0/skincare_in_myeongdong_dear_klairs/
2025-10-17,Question to those who made US Orders from Olive Young,3,2,https://reddit.com/r/kbeauty/comments/1o8n72t/question_to_those_who_made_us_orders_from_olive/
2025-10-15,has anyone else tried ginseng skincare? kinda surprised it actually works??,18,10,https://reddit.com/r/kbeauty/comments/1o6k4o5/has_anyone_else_tried_ginseng_skincare_kinda/
2025-10-14,Korean beauty help needed,1,1,https://reddit.com/r/kbeauty/comments/1o5sphy/korean_beauty_help_needed/
2025-10-13,De-influencing you,326,25,https://reddit.com/r/kbeauty/comments/1o5bp3f/deinfluencing_you/
2025-10-12,DRY EXTREMELY SENSITIVE skin I’m looking to enter Korean Skincare,1,14,https://reddit.com/r/kbeauty/comments/1o4d9jt/dry_extremely_sensitive_skin_im_looking_to_enter/
2025-10-09,My algorithm completely taken over by K skincare,9,17,https://reddit.com/r/kbeauty/comments/1o1puu5/my_algorithm_completely_taken_over_by_k_skincare/
2025-10-08,Do people really care about packaging when choosing skincare products?,1,6,https://reddit.com/r/kbeauty/comments/1o0pyck/do_people_really_care_about_packaging_when/
2025-10-04,Help with oily skin skincare routine,1,1,https://reddit.com/r/kbeauty/comments/1nxpw0s/help_with_oily_skin_skincare_routine/
2025-10-03,Help needed in skincare/kbeauty,1,10,https://reddit.com/r/kbeauty/comments/1nwwy9q/help_needed_in_skincarekbeauty/
