,키워드1,키워드2,키워드3,키워드4,키워드5
GAME CHANGING Korean skincare ...,you,and,the,your,are
Products k-beauty insiders are...,the,to,so,is,are
pink kbeauty lippies 🎀 #shorts...,the,it,you,so,love
Ancient vs Modern Kbeauty ✨...,the,and,you,so,ancient
Viral K-Beauty Products That a...,the,it,skin,and,my
YesStyle Haul💖 #kbeauty #makeu...,so,my,the,fyp,and
K-Beauty vs J-Beauty : I Tried...,the,skin,for,one,and
COOLEST Korean Makeup HACKS?!!...,the,and,it,you,that
My HONEST thoughts on viral sk...,the,it,to,and,is
3 skincare mistakes that keep ...,and,the,you,it,is
