,Keyword1,Keyword2,Keyword3,Keyword4,Keyword5
GAME CHANGING Korean skincare ...,you,love,your,are,of
Products k-beauty insiders are...,the,to,so,is,are
pink kbeauty lippies 🎀 #shorts...,the,these,and,of,love
Ancient vs Modern Kbeauty ✨...,the,you,and,so,ancient
YesStyle Haul💖 #kbeauty #makeu...,so,my,fyp,the,changing
Viral K-Beauty Products That a...,the,it,toner,my,and
COOLEST Korean Makeup HACKS?!!...,the,and,it,skin,mask
K-Beauty vs J-Beauty : I Tried...,the,one,it,skin,for
My HONEST thoughts on viral sk...,the,it,to,and,skin
3 skincare mistakes that keep ...,you,the,and,your,is
